feature,importance,fold
hla,369075.27494853735,11
allele_type,106.30997133255005,11
length,185579.50489467382,11
n_label,23850.476861298084,11
len_LPFR,0.0,11
len_RPFR,7905.973333120346,11
len_peptide_transform,3233.8201588392258,11
core_P1,14084.239542484283,11
core_P2,12825.598086118698,11
core_P3,11466.601531028748,11
core_P4,11836.305819094181,11
core_P5,11786.64761018753,11
core_P6,10806.523093342781,11
core_P7,11250.295921325684,11
core_P8,9689.977548539639,11
core_P9,11623.5834466815,11
LPFR_P1,16808.560934007168,11
LPFR_P2,18937.108122110367,11
LPFR_P3,19103.27081936598,11
RPFR_P1,22373.924420952797,11
RPFR_P2,19840.721713006496,11
RPFR_P3,24427.540116250515,11
core_atfidf,157212.39551985264,11
core_ctfidf,19742.94976067543,11
core_dtfidf,133275.47701877356,11
core_etfidf,81953.95668923855,11
core_ftfidf,85119.522123456,11
core_gtfidf,91492.64087498188,11
core_htfidf,28221.59497386217,11
core_itfidf,72913.18541586399,11
core_ktfidf,87315.63477492332,11
core_ltfidf,179765.69330579042,11
core_mtfidf,44689.53792613745,11
core_ntfidf,50228.19405037165,11
core_ptfidf,52511.15652048588,11
core_qtfidf,37206.68228584528,11
core_rtfidf,67509.57102262974,11
core_stfidf,49253.224404037,11
core_ttfidf,56195.49173873663,11
core_vtfidf,59681.05505758524,11
core_wtfidf,38177.83370268345,11
core_ytfidf,41121.86998915672,11
core_a_count,3968.5626270771027,11
core_c_count,92.25140380859375,11
core_d_count,1258.243836402893,11
core_e_count,4321.705391407013,11
core_f_count,1969.6012349128723,11
core_g_count,4526.631599903107,11
core_h_count,0.0,11
core_i_count,1991.1131298542023,11
core_k_count,1867.347048819065,11
core_l_count,1832.7680290937424,11
core_m_count,335.06872153282166,11
core_n_count,136.89458030462265,11
core_p_count,7387.152889490128,11
core_q_count,502.29750674963,11
core_r_count,543.2055897116661,11
core_s_count,494.49345541000366,11
core_t_count,192.20787811279297,11
core_v_count,232.0519790649414,11
core_w_count,0.0,11
core_y_count,32.08488941192627,11
cluster,38445.33907479048,11
hla_mean,836891.9127780199,11
hla_std,275117.27780622244,11
allele_type_mean,58721.39188694954,11
allele_type_std,43525.124165296555,11
core_P1_mean,31397.420930624008,11
core_P1_std,11116.13967269659,11
core_P2_mean,29870.89658612013,11
core_P2_std,11507.249819040298,11
core_P3_mean,33870.055740475655,11
core_P3_std,9816.958717763424,11
core_P4_mean,35731.84533596039,11
core_P4_std,10147.00565379858,11
core_P5_mean,28005.600256681442,11
core_P5_std,9343.042684793472,11
core_P6_mean,20744.080062031746,11
core_P6_std,13646.924075841904,11
core_P7_mean,17142.83945465088,11
core_P7_std,13055.875749111176,11
core_P8_mean,19751.087336182594,11
core_P8_std,13118.36831766367,11
core_P9_mean,18307.332456350327,11
core_P9_std,12171.346833527088,11
LPFR_P1_mean,44399.275110423565,11
LPFR_P1_std,17338.801744818687,11
LPFR_P2_mean,59524.521162986755,11
LPFR_P2_std,14798.851678669453,11
LPFR_P3_mean,60303.814234375954,11
LPFR_P3_std,18323.61668676138,11
RPFR_P1_mean,53777.34065961838,11
RPFR_P1_std,15647.86512607336,11
RPFR_P2_mean,51682.080600976944,11
RPFR_P2_std,20706.2666451931,11
RPFR_P3_mean,61001.69168263674,11
RPFR_P3_std,21844.322221934795,11
cluster_mean,733784.5835135579,11
cluster_std,80506.65682762861,11
peptide_nunique,72073.02324533463,11
unique_rate,118806.32759231329,11
p1,15569.867667853832,11
p2,15381.398764073849,11
p3,21599.757465541363,11
p4,19494.089303135872,11
p5,19054.731868982315,11
p6,16937.842401087284,11
p7,15517.842566251755,11
p8,15769.361926436424,11
p9,15772.235196053982,11
blosum_sum,61660.255224108696,11
hla,367149.36772835255,11
allele_type,36.67885971069336,11
length,179969.94096714258,11
n_label,22456.324914693832,11
len_LPFR,17.893170773983,11
len_RPFR,9992.532215356827,11
len_peptide_transform,3286.4272287487984,11
core_P1,11666.538017570972,11
core_P2,11273.599189281464,11
core_P3,12733.937876999378,11
core_P4,11629.399022459984,11
core_P5,10488.37224495411,11
core_P6,14945.776615142822,11
core_P7,9063.076039910316,11
core_P8,9050.229766011238,11
core_P9,11586.492652893066,11
LPFR_P1,15665.61489611864,11
LPFR_P2,18592.964775383472,11
LPFR_P3,20585.121000409126,11
RPFR_P1,20470.431278824806,11
RPFR_P2,19729.029663026333,11
RPFR_P3,23926.97765082121,11
core_atfidf,168424.02254134417,11
core_ctfidf,18391.612820625305,11
core_dtfidf,135676.0461615324,11
core_etfidf,71226.91241765022,11
core_ftfidf,81452.45792645216,11
core_gtfidf,67054.32673972845,11
core_htfidf,27329.291397750378,11
core_itfidf,62272.431613862514,11
core_ktfidf,84862.07195663452,11
core_ltfidf,165397.87757784128,11
core_mtfidf,39655.20308423042,11
core_ntfidf,55156.60249865055,11
core_ptfidf,48769.20068573952,11
core_qtfidf,36890.64712047577,11
core_rtfidf,63009.699840545654,11
core_stfidf,49665.00066781044,11
core_ttfidf,63121.01888632774,11
core_vtfidf,46693.179976284504,11
core_wtfidf,33554.08822286129,11
core_ytfidf,39189.81072103977,11
core_a_count,2856.7073044776917,11
core_c_count,398.17601013183594,11
core_d_count,1207.5126634836197,11
core_e_count,5334.371231079102,11
core_f_count,247.26436758041382,11
core_g_count,4933.730229854584,11
core_h_count,174.879638671875,11
core_i_count,762.5818638801575,11
core_k_count,2644.3864406347275,11
core_l_count,1311.6626633405685,11
core_m_count,425.64546728134155,11
core_n_count,504.36835837364197,11
core_p_count,4878.341345071793,11
core_q_count,701.0626888275146,11
core_r_count,826.6761219501495,11
core_s_count,402.7146215438843,11
core_t_count,851.2939416766167,11
core_v_count,517.0953140258789,11
core_w_count,10.576600074768066,11
core_y_count,34.52980995178223,11
cluster,34241.004741966724,11
hla_mean,816386.3787209988,11
hla_std,266288.6978815198,11
allele_type_mean,69597.09892940521,11
allele_type_std,53940.52382469177,11
core_P1_mean,28272.112311661243,11
core_P1_std,11543.01680278778,11
core_P2_mean,31583.76804345846,11
core_P2_std,8770.992252230644,11
core_P3_mean,33923.522148787975,11
core_P3_std,9309.963062405586,11
core_P4_mean,36201.39546203613,11
core_P4_std,9989.70570731163,11
core_P5_mean,24101.406604647636,11
core_P5_std,10470.659319102764,11
core_P6_mean,18495.99932026863,11
core_P6_std,12170.457524895668,11
core_P7_mean,15953.69530826807,11
core_P7_std,13321.781989872456,11
core_P8_mean,18619.454501271248,11
core_P8_std,11238.573929429054,11
core_P9_mean,16645.292340755463,11
core_P9_std,12080.574319958687,11
LPFR_P1_mean,44416.18759059906,11
LPFR_P1_std,20951.607063412666,11
LPFR_P2_mean,55790.42765057087,11
LPFR_P2_std,16426.564006745815,11
LPFR_P3_mean,63912.770051300526,11
LPFR_P3_std,19078.583065629005,11
RPFR_P1_mean,49414.69901025295,11
RPFR_P1_std,13081.378161251545,11
RPFR_P2_mean,50044.66828209162,11
RPFR_P2_std,18566.136188447475,11
RPFR_P3_mean,57041.14965701103,11
RPFR_P3_std,23926.1125818491,11
cluster_mean,826110.8056153059,11
cluster_std,73666.11901408434,11
peptide_nunique,66539.19748401642,11
unique_rate,118833.58125180006,11
p1,15606.844709396362,11
p2,16340.05613398552,11
p3,24330.657101154327,11
p4,22154.481568455696,11
p5,17285.727026820183,11
p6,16900.170644938946,11
p7,16235.041724205017,11
p8,14621.22225368023,11
p9,14355.116890788078,11
blosum_sum,61828.10953724384,11
hla,391009.14823675156,11
allele_type,101.77488994598389,11
length,194171.20304572582,11
n_label,27136.046837061644,11
len_LPFR,91.5411542057991,11
len_RPFR,9349.106832027435,11
len_peptide_transform,3970.169242441654,11
core_P1,14161.954340964556,11
core_P2,12971.387936800718,11
core_P3,12997.694268107414,11
core_P4,13225.817289113998,11
core_P5,11886.792549788952,11
core_P6,13029.751083731651,11
core_P7,12165.479008376598,11
core_P8,12247.57792109251,11
core_P9,13130.76817369461,11
LPFR_P1,19736.482911080122,11
LPFR_P2,21663.26932990551,11
LPFR_P3,20899.35511481762,11
RPFR_P1,21337.956466019154,11
RPFR_P2,20881.696564108133,11
RPFR_P3,29155.56991147995,11
core_atfidf,175666.59438097477,11
core_ctfidf,20492.642875134945,11
core_dtfidf,141428.94879359007,11
core_etfidf,81098.80959069729,11
core_ftfidf,87815.90012711287,11
core_gtfidf,94178.73017665744,11
core_htfidf,32929.27697482705,11
core_itfidf,77176.3748126924,11
core_ktfidf,92744.23009473085,11
core_ltfidf,182980.28789788485,11
core_mtfidf,46112.25960558653,11
core_ntfidf,62520.729120105505,11
core_ptfidf,64938.39789265394,11
core_qtfidf,39502.67744329572,11
core_rtfidf,74927.48188096285,11
core_stfidf,59815.34084260464,11
core_ttfidf,66963.95369002223,11
core_vtfidf,61453.35105866194,11
core_wtfidf,41723.7400727272,11
core_ytfidf,45880.21455335617,11
core_a_count,4671.078236103058,11
core_c_count,3.0191800594329834,11
core_d_count,454.7229890823364,11
core_e_count,5947.497470855713,11
core_f_count,467.52290534973145,11
core_g_count,4973.708083152771,11
core_h_count,123.7891092300415,11
core_i_count,1259.3436665534973,11
core_k_count,2010.605476796627,11
core_l_count,1639.2088508605957,11
core_m_count,318.9687900543213,11
core_n_count,229.203959941864,11
core_p_count,3489.3061139583588,11
core_q_count,522.6692047119141,11
core_r_count,1130.489007115364,11
core_s_count,421.19810032844543,11
core_t_count,395.6395457983017,11
core_v_count,696.4557123184204,11
core_w_count,5.215879917144775,11
core_y_count,88.47375917434692,11
cluster,43322.99662077427,11
hla_mean,871424.6805703342,11
hla_std,307582.4488046169,11
allele_type_mean,46503.57616019249,11
allele_type_std,34045.16930413246,11
core_P1_mean,34069.03067275882,11
core_P1_std,12327.662420988083,11
core_P2_mean,30189.980264544487,11
core_P2_std,12489.246956139803,11
core_P3_mean,31652.4515760839,11
core_P3_std,9855.976457178593,11
core_P4_mean,30638.683162003756,11
core_P4_std,11724.494547605515,11
core_P5_mean,24356.080168396235,11
core_P5_std,11015.816309332848,11
core_P6_mean,19952.2403909266,11
core_P6_std,13603.34602123499,11
core_P7_mean,17051.692904233932,11
core_P7_std,16458.854344189167,11
core_P8_mean,17900.51013046503,11
core_P8_std,12762.836826324463,11
core_P9_mean,18769.282479047775,11
core_P9_std,14495.409207701683,11
LPFR_P1_mean,47392.63914138079,11
LPFR_P1_std,20017.953167378902,11
LPFR_P2_mean,58185.2776453197,11
LPFR_P2_std,14708.524404674768,11
LPFR_P3_mean,67038.41654595733,11
LPFR_P3_std,18352.522197574377,11
RPFR_P1_mean,52785.46754851937,11
RPFR_P1_std,16705.74303817749,11
RPFR_P2_mean,60999.028444767,11
RPFR_P2_std,21445.56288906932,11
RPFR_P3_mean,61413.52791315317,11
RPFR_P3_std,24611.067842006683,11
cluster_mean,706010.3248007,11
cluster_std,83022.25858521461,11
peptide_nunique,82217.61555036902,11
unique_rate,134452.19247305393,11
p1,18818.1686321795,11
p2,19321.604498952627,11
p3,25031.542361080647,11
p4,21638.932662844658,11
p5,18381.14562034607,11
p6,17615.463714897633,11
p7,18745.632961153984,11
p8,17524.769289672375,11
p9,17805.988264024258,11
blosum_sum,67346.81371736526,11
hla,405416.2504991591,11
allele_type,163.69713139533997,11
length,201673.2319395542,11
n_label,24794.171696722507,11
len_LPFR,67.53727695345879,11
len_RPFR,10053.22604751587,11
len_peptide_transform,4818.739124327898,11
core_P1,16579.50199636817,11
core_P2,14857.694019287825,11
core_P3,14537.782686889172,11
core_P4,14536.391205817461,11
core_P5,14391.039881765842,11
core_P6,16094.860996603966,11
core_P7,13053.361983895302,11
core_P8,11669.517257601023,11
core_P9,15744.117112278938,11
LPFR_P1,19674.61164832115,11
LPFR_P2,21958.68681484461,11
LPFR_P3,21618.042788892984,11
RPFR_P1,23744.496801435947,11
RPFR_P2,25943.2927788198,11
RPFR_P3,28296.924059212208,11
core_atfidf,181595.1900163889,11
core_ctfidf,21452.79350578785,11
core_dtfidf,150691.8140577972,11
core_etfidf,85712.90916752815,11
core_ftfidf,93184.92276832461,11
core_gtfidf,109203.24536523223,11
core_htfidf,30125.01620835066,11
core_itfidf,67803.60832038522,11
core_ktfidf,90864.56731960177,11
core_ltfidf,187872.90978732705,11
core_mtfidf,48229.28022843599,11
core_ntfidf,62869.812519699335,11
core_ptfidf,61698.34368249774,11
core_qtfidf,46584.85850864649,11
core_rtfidf,77257.72829642892,11
core_stfidf,59620.86035215855,11
core_ttfidf,69701.97140052915,11
core_vtfidf,67706.74555256963,11
core_wtfidf,39784.14787700772,11
core_ytfidf,48858.97989213467,11
core_a_count,4277.427272796631,11
core_c_count,0.0,11
core_d_count,727.3644789159298,11
core_e_count,6857.790546655655,11
core_f_count,760.539876461029,11
core_g_count,4023.541110932827,11
core_h_count,76.339430809021,11
core_i_count,2861.7664719820023,11
core_k_count,2110.7496938705444,11
core_l_count,1959.2063775658607,11
core_m_count,292.6901812553406,11
core_n_count,134.77253007888794,11
core_p_count,6656.679395586252,11
core_q_count,757.0330213308334,11
core_r_count,765.4016819596291,11
core_s_count,364.31701374053955,11
core_t_count,637.5607042312622,11
core_v_count,988.6003262996674,11
core_w_count,21.8435001373291,11
core_y_count,61.33059734106064,11
cluster,46973.878520190716,11
hla_mean,840300.4577070475,11
hla_std,310259.3926550448,11
allele_type_mean,65542.25585454702,11
allele_type_std,60378.580436855555,11
core_P1_mean,30035.28287616372,11
core_P1_std,14435.686366677284,11
core_P2_mean,33228.71260023117,11
core_P2_std,13971.76793897152,11
core_P3_mean,36042.66593748331,11
core_P3_std,9974.979154318571,11
core_P4_mean,39033.1868108511,11
core_P4_std,11786.309755504131,11
core_P5_mean,25184.45635741949,11
core_P5_std,12082.440425127745,11
core_P6_mean,21575.950949430466,11
core_P6_std,15307.257437586784,11
core_P7_mean,19383.31874933839,11
core_P7_std,16110.375337004662,11
core_P8_mean,19756.085044324398,11
core_P8_std,15334.354170829058,11
core_P9_mean,20012.563916921616,11
core_P9_std,15093.723872959614,11
LPFR_P1_mean,51506.771028757095,11
LPFR_P1_std,22086.929947197437,11
LPFR_P2_mean,63796.48105663061,11
LPFR_P2_std,21734.95941016078,11
LPFR_P3_mean,75119.10351023078,11
LPFR_P3_std,26167.018237262964,11
RPFR_P1_mean,54324.68574297428,11
RPFR_P1_std,22293.69299787283,11
RPFR_P2_mean,53916.37603217363,11
RPFR_P2_std,25027.556508660316,11
RPFR_P3_mean,61365.4502748847,11
RPFR_P3_std,30879.76146543026,11
cluster_mean,728104.4206573367,11
cluster_std,72601.87761723995,11
peptide_nunique,84890.40860125422,11
unique_rate,135006.46552202106,11
p1,19594.872661978006,11
p2,19614.101503670216,11
p3,24006.940440177917,11
p4,23126.54899302125,11
p5,21505.56657704711,11
p6,19975.610370516777,11
p7,18904.899860411882,11
p8,20265.014273136854,11
p9,17965.89391195774,11
blosum_sum,70956.26757231355,11
hla,345983.813157022,11
allele_type,46.800410747528076,11
length,173090.62029910088,11
n_label,20450.329486131668,11
len_LPFR,38.645020484924316,11
len_RPFR,8879.516200304031,11
len_peptide_transform,3040.3637511730194,11
core_P1,12162.562240242958,11
core_P2,11086.044904351234,11
core_P3,11685.54673242569,11
core_P4,10968.187613844872,11
core_P5,10157.046016216278,11
core_P6,13078.406112968922,11
core_P7,9475.341378867626,11
core_P8,10006.195883870125,11
core_P9,10290.544593393803,11
LPFR_P1,16903.925336658955,11
LPFR_P2,19219.77799117565,11
LPFR_P3,18859.230757832527,11
RPFR_P1,20030.868650078773,11
RPFR_P2,18738.595150351524,11
RPFR_P3,23636.727978289127,11
core_atfidf,146108.88548260927,11
core_ctfidf,17503.860408127308,11
core_dtfidf,139800.95679330826,11
core_etfidf,74945.16935527325,11
core_ftfidf,83077.91288721561,11
core_gtfidf,91740.85278230906,11
core_htfidf,27216.391476631165,11
core_itfidf,64670.35124593973,11
core_ktfidf,74873.84337431192,11
core_ltfidf,162615.6767143607,11
core_mtfidf,38488.745244026184,11
core_ntfidf,57420.42836403847,11
core_ptfidf,52453.51904255152,11
core_qtfidf,32921.45692080259,11
core_rtfidf,64579.66925084591,11
core_stfidf,51034.27488476038,11
core_ttfidf,60549.435937941074,11
core_vtfidf,51776.30729448795,11
core_wtfidf,34578.18883496523,11
core_ytfidf,37780.278947651386,11
core_a_count,2220.427358150482,11
core_c_count,0.0,11
core_d_count,1260.705680847168,11
core_e_count,6845.700543642044,11
core_f_count,913.8503093719482,11
core_g_count,1069.3883872032166,11
core_h_count,525.5583367347717,11
core_i_count,1897.930127620697,11
core_k_count,2270.7979794740677,11
core_l_count,991.3615608215332,11
core_m_count,451.3050775527954,11
core_n_count,316.0462980270386,11
core_p_count,3368.047835290432,11
core_q_count,746.2397508621216,11
core_r_count,417.7632668018341,11
core_s_count,339.3044934272766,11
core_t_count,518.1228843927383,11
core_v_count,161.93180084228516,11
core_w_count,6.737569808959961,11
core_y_count,96.81646120548248,11
cluster,36963.15386092663,11
hla_mean,790019.7253553867,11
hla_std,260385.08724468946,11
allele_type_mean,94653.33729660511,11
allele_type_std,50533.206755161285,11
core_P1_mean,31086.211570560932,11
core_P1_std,11686.068756341934,11
core_P2_mean,34799.963791668415,11
core_P2_std,9474.97072827816,11
core_P3_mean,33913.11308169365,11
core_P3_std,8786.55524879694,11
core_P4_mean,32103.302407741547,11
core_P4_std,9929.307534694672,11
core_P5_mean,21465.69510626793,11
core_P5_std,9744.92114019394,11
core_P6_mean,17990.252958238125,11
core_P6_std,11252.587321698666,11
core_P7_mean,15908.364671230316,11
core_P7_std,13211.079313516617,11
core_P8_mean,15791.89109069109,11
core_P8_std,10940.708592295647,11
core_P9_mean,16902.287165284157,11
core_P9_std,10709.03223156929,11
LPFR_P1_mean,53073.48086977005,11
LPFR_P1_std,18811.818368077278,11
LPFR_P2_mean,61999.5709233284,11
LPFR_P2_std,16943.260608375072,11
LPFR_P3_mean,69741.96251219511,11
LPFR_P3_std,17319.474595308304,11
RPFR_P1_mean,47988.953244805336,11
RPFR_P1_std,17103.557606756687,11
RPFR_P2_mean,55157.56115925312,11
RPFR_P2_std,18045.109974741936,11
RPFR_P3_mean,64637.37742596865,11
RPFR_P3_std,22438.948872685432,11
cluster_mean,828344.4879236817,11
cluster_std,69716.05352288485,11
peptide_nunique,70333.02004766464,11
unique_rate,112211.31598991156,11
p1,14754.739225447178,11
p2,14744.932746767998,11
p3,20239.939519405365,11
p4,18694.796916425228,11
p5,17609.10564059019,11
p6,15860.304106533527,11
p7,16207.729329705238,11
p8,15005.34577023983,11
p9,15529.492525398731,11
blosum_sum,58853.62534970045,11
hla,372447.01170808077,11
allele_type,4.563920021057129,11
length,175743.81799685955,11
n_label,17909.672798216343,11
len_LPFR,27.649309635162354,11
len_RPFR,9466.073328971863,11
len_peptide_transform,2815.764867782593,11
core_P1,13478.435810625553,11
core_P2,10699.150202512741,11
core_P3,10382.986728906631,11
core_P4,9355.0242562294,11
core_P5,8854.313708305359,11
core_P6,13405.090809106827,11
core_P7,9447.618865966797,11
core_P8,8940.844617009163,11
core_P9,10931.299518585205,11
LPFR_P1,15802.89168536663,11
LPFR_P2,18852.498804807663,11
LPFR_P3,19195.03413850069,11
RPFR_P1,20375.304330408573,11
RPFR_P2,19469.311010420322,11
RPFR_P3,24549.57490837574,11
core_atfidf,171171.06091046333,11
core_ctfidf,18754.056055545807,11
core_dtfidf,130085.44414019585,11
core_etfidf,74823.25232422352,11
core_ftfidf,81727.30047631264,11
core_gtfidf,80784.85489988327,11
core_htfidf,28825.367230296135,11
core_itfidf,66128.62569385767,11
core_ktfidf,79637.92455124855,11
core_ltfidf,165219.5640362501,11
core_mtfidf,35403.56622159481,11
core_ntfidf,50945.948194146156,11
core_ptfidf,50288.144603192806,11
core_qtfidf,33633.19169265032,11
core_rtfidf,61498.43375951052,11
core_stfidf,47319.03989934921,11
core_ttfidf,59988.192495942116,11
core_vtfidf,50711.01955342293,11
core_wtfidf,35788.79079437256,11
core_ytfidf,39093.366720199585,11
core_a_count,4793.725733757019,11
core_c_count,0.0,11
core_d_count,352.85340905189514,11
core_e_count,2841.4820080399513,11
core_f_count,1099.116536140442,11
core_g_count,4274.18803691864,11
core_h_count,200.84209823608398,11
core_i_count,2698.824982404709,11
core_k_count,2654.3718821406364,11
core_l_count,1726.6222784519196,11
core_m_count,291.5026025772095,11
core_n_count,314.7456787824631,11
core_p_count,3728.647528409958,11
core_q_count,418.1853654384613,11
core_r_count,781.9588514566422,11
core_s_count,384.3845491409302,11
core_t_count,437.17513251304626,11
core_v_count,78.51760053634644,11
core_w_count,14.75220012664795,11
core_y_count,20.432139992713928,11
cluster,34582.951431155205,11
hla_mean,813630.0877826214,11
hla_std,261509.6797838211,11
allele_type_mean,70401.74226212502,11
allele_type_std,51646.571142196655,11
core_P1_mean,31136.57952159643,11
core_P1_std,12211.048701524734,11
core_P2_mean,32089.71833717823,11
core_P2_std,11247.86787557602,11
core_P3_mean,32863.27553462982,11
core_P3_std,7643.7639265060425,11
core_P4_mean,34205.32643926144,11
core_P4_std,10198.50923717022,11
core_P5_mean,22340.77603507042,11
core_P5_std,9968.852505326271,11
core_P6_mean,19293.97635948658,11
core_P6_std,12129.772387385368,11
core_P7_mean,15582.013902902603,11
core_P7_std,11550.058971643448,11
core_P8_mean,15186.6077029109,11
core_P8_std,10735.57926762104,11
core_P9_mean,17388.11302024126,11
core_P9_std,10711.702026128769,11
LPFR_P1_mean,49086.89560520649,11
LPFR_P1_std,20001.799020528793,11
LPFR_P2_mean,58368.852663874626,11
LPFR_P2_std,14827.684805035591,11
LPFR_P3_mean,63657.120733082294,11
LPFR_P3_std,15823.27388393879,11
RPFR_P1_mean,50105.25573319197,11
RPFR_P1_std,18671.40878558159,11
RPFR_P2_mean,48150.77193534374,11
RPFR_P2_std,21217.40830272436,11
RPFR_P3_mean,55655.74680483341,11
RPFR_P3_std,20963.377495348454,11
cluster_mean,850953.960326314,11
cluster_std,69849.40798157454,11
peptide_nunique,75060.05137246847,11
unique_rate,105207.9736905694,11
p1,16637.627015411854,11
p2,13182.552100121975,11
p3,21075.629490613937,11
p4,19727.265889763832,11
p5,18177.774163246155,11
p6,15463.45746910572,11
p7,17776.512911975384,11
p8,15361.608686327934,11
p9,15060.81455886364,11
blosum_sum,59804.8661737442,11
hla,389531.5882989764,11
allele_type,101.62369012832642,11
length,185371.18287283182,11
n_label,23032.797550559044,11
len_LPFR,96.26094555854797,11
len_RPFR,9474.229233026505,11
len_peptide_transform,2790.448345541954,11
core_P1,12663.970911443233,11
core_P2,11260.124905824661,11
core_P3,10881.63178884983,11
core_P4,10917.256138443947,11
core_P5,11373.406156897545,11
core_P6,13440.310420870781,11
core_P7,10805.24119758606,11
core_P8,9114.198800444603,11
core_P9,12659.247892439365,11
LPFR_P1,16779.726394832134,11
LPFR_P2,19237.61392647028,11
LPFR_P3,19354.812708079815,11
RPFR_P1,19758.125919401646,11
RPFR_P2,20646.777515769005,11
RPFR_P3,25038.671334028244,11
core_atfidf,168022.05471926928,11
core_ctfidf,20364.68493372202,11
core_dtfidf,139504.21273976564,11
core_etfidf,72170.18695384264,11
core_ftfidf,81415.67712068558,11
core_gtfidf,86803.83583813906,11
core_htfidf,28480.0877084136,11
core_itfidf,65152.26657515764,11
core_ktfidf,86091.64830052853,11
core_ltfidf,168426.98761606216,11
core_mtfidf,36806.76212912798,11
core_ntfidf,57794.64692014456,11
core_ptfidf,51222.99539464712,11
core_qtfidf,36907.59608954191,11
core_rtfidf,67999.66589611769,11
core_stfidf,49336.29147696495,11
core_ttfidf,63596.952786266804,11
core_vtfidf,54499.27571552992,11
core_wtfidf,33962.07965052128,11
core_ytfidf,40654.34166574478,11
core_a_count,6055.026165008545,11
core_c_count,331.29489517211914,11
core_d_count,1008.5367360711098,11
core_e_count,4843.735673189163,11
core_f_count,1176.697187423706,11
core_g_count,3481.382330417633,11
core_h_count,190.97980308532715,11
core_i_count,1266.386607170105,11
core_k_count,1407.649451136589,11
core_l_count,1811.695063829422,11
core_m_count,345.78379344940186,11
core_n_count,314.04752945899963,11
core_p_count,2150.1044404506683,11
core_q_count,203.99319696426392,11
core_r_count,840.7327526211739,11
core_s_count,399.9869327545166,11
core_t_count,675.9696607589722,11
core_v_count,380.52205085754395,11
core_w_count,97.27880859375,11
core_y_count,281.459623336792,11
cluster,37397.4031560421,11
hla_mean,818265.9836938977,11
hla_std,277921.87893009186,11
allele_type_mean,71765.5354168415,11
allele_type_std,53313.356934547424,11
core_P1_mean,32426.7153916955,11
core_P1_std,12082.309255838394,11
core_P2_mean,34695.49582082033,11
core_P2_std,9790.265962064266,11
core_P3_mean,34607.91316688061,11
core_P3_std,9445.500822842121,11
core_P4_mean,34360.74476867914,11
core_P4_std,10031.536705851555,11
core_P5_mean,23613.481545627117,11
core_P5_std,9943.60421794653,11
core_P6_mean,19316.422357022762,11
core_P6_std,12888.249033868313,11
core_P7_mean,17568.434022068977,11
core_P7_std,13516.6940715909,11
core_P8_mean,17149.45658493042,11
core_P8_std,12218.603417515755,11
core_P9_mean,17859.970648407936,11
core_P9_std,12017.300404787064,11
LPFR_P1_mean,49852.14308440685,11
LPFR_P1_std,21145.657423496246,11
LPFR_P2_mean,58513.24485081434,11
LPFR_P2_std,14983.416502058506,11
LPFR_P3_mean,67126.73193007708,11
LPFR_P3_std,18964.474780082703,11
RPFR_P1_mean,52412.8658593297,11
RPFR_P1_std,17129.734411597252,11
RPFR_P2_mean,54337.42170935869,11
RPFR_P2_std,21890.43407678604,11
RPFR_P3_mean,65502.612246870995,11
RPFR_P3_std,22607.55899477005,11
cluster_mean,830452.7982949615,11
cluster_std,76665.20920729637,11
peptide_nunique,79829.44043529034,11
unique_rate,113982.00037449598,11
p1,15839.744188189507,11
p2,15636.014841377735,11
p3,21791.0802718997,11
p4,18491.33728504181,11
p5,17361.238767683506,11
p6,16794.85476231575,11
p7,16655.30795252323,11
p8,16187.009480953217,11
p9,14947.11845767498,11
blosum_sum,63294.56673544645,11
hla,435878.09912109375,11
allele_type,153.33236932754517,11
length,202575.0864867866,11
n_label,29655.701823562384,11
len_LPFR,94.95196408033371,11
len_RPFR,11018.898955136538,11
len_peptide_transform,5671.39627841115,11
core_P1,18467.02675139904,11
core_P2,16275.420005232096,11
core_P3,16719.175176501274,11
core_P4,16851.112829506397,11
core_P5,14726.052823871374,11
core_P6,16838.02841666341,11
core_P7,14835.855529129505,11
core_P8,14815.954939454794,11
core_P9,16695.58020362258,11
LPFR_P1,21232.69387936592,11
LPFR_P2,26313.99251484871,11
LPFR_P3,25288.003172159195,11
RPFR_P1,26459.63635826111,11
RPFR_P2,27179.572301864624,11
RPFR_P3,37010.80856004357,11
core_atfidf,189082.2723119259,11
core_ctfidf,24305.96473917365,11
core_dtfidf,143481.83731895685,11
core_etfidf,90797.72258883715,11
core_ftfidf,98712.86465203762,11
core_gtfidf,105511.56713116169,11
core_htfidf,39682.70453545451,11
core_itfidf,79203.61665207148,11
core_ktfidf,102622.31750616431,11
core_ltfidf,186443.83330139518,11
core_mtfidf,49291.14110392332,11
core_ntfidf,70238.61969181895,11
core_ptfidf,65462.48281261325,11
core_qtfidf,48337.058434188366,11
core_rtfidf,86571.35050559044,11
core_stfidf,64732.48073810339,11
core_ttfidf,77265.4773415327,11
core_vtfidf,68025.1485850811,11
core_wtfidf,43865.95953783393,11
core_ytfidf,53754.04743680358,11
core_a_count,3033.1468430757523,11
core_c_count,26.304200172424316,11
core_d_count,1198.274790108204,11
core_e_count,6353.696988582611,11
core_f_count,720.6111694574356,11
core_g_count,3531.439197897911,11
core_h_count,418.94409561157227,11
core_i_count,1613.8149693012238,11
core_k_count,2381.9279138445854,11
core_l_count,1877.8325964212418,11
core_m_count,100.32607889175415,11
core_n_count,908.2202795743942,11
core_p_count,6453.914098531008,11
core_q_count,690.1318768262863,11
core_r_count,892.3367600739002,11
core_s_count,715.7413644194603,11
core_t_count,231.5315489768982,11
core_v_count,568.4347479343414,11
core_w_count,0.31425198912620544,11
core_y_count,44.03692117333412,11
cluster,52518.58012136817,11
hla_mean,867275.7345893085,11
hla_std,331081.73873105645,11
allele_type_mean,80827.30820220709,11
allele_type_std,55759.93238005042,11
core_P1_mean,37294.896303772926,11
core_P1_std,17478.91652929783,11
core_P2_mean,35969.776708334684,11
core_P2_std,14408.946675926447,11
core_P3_mean,37131.596795380116,11
core_P3_std,12959.42168134451,11
core_P4_mean,39671.945548951626,11
core_P4_std,14077.58107227087,11
core_P5_mean,29445.906432807446,11
core_P5_std,15010.35277569294,11
core_P6_mean,23857.531859248877,11
core_P6_std,17519.42023420334,11
core_P7_mean,21177.401039868593,11
core_P7_std,17204.93409049511,11
core_P8_mean,23336.53372630477,11
core_P8_std,16870.2159897089,11
core_P9_mean,21906.788343548775,11
core_P9_std,17862.25080218911,11
LPFR_P1_mean,54849.1384139061,11
LPFR_P1_std,21755.516513109207,11
LPFR_P2_mean,62582.48423025012,11
LPFR_P2_std,20172.554432302713,11
LPFR_P3_mean,72248.93502116203,11
LPFR_P3_std,22168.62641119957,11
RPFR_P1_mean,57686.75725913048,11
RPFR_P1_std,23047.58081793785,11
RPFR_P2_mean,61665.35280755162,11
RPFR_P2_std,26474.923142790794,11
RPFR_P3_mean,72767.02256181836,11
RPFR_P3_std,30084.28150203824,11
cluster_mean,876571.5097497702,11
cluster_std,86280.91567510366,11
peptide_nunique,87424.65341100097,11
unique_rate,152664.08874034882,11
p1,23384.336739510298,11
p2,24432.67763015628,11
p3,29302.33889567852,11
p4,25427.925078690052,11
p5,23218.12045493722,11
p6,24776.611375272274,11
p7,24700.213418275118,11
p8,21753.87489554286,11
p9,21433.56079646945,11
blosum_sum,77331.16498535872,11
hla,424337.46308749914,11
allele_type,84.25497913360596,11
length,174694.3776242435,11
n_label,27781.188588678837,11
len_LPFR,49.33914062380791,11
len_RPFR,9803.878061652184,11
len_peptide_transform,3974.9723491966724,11
core_P1,15524.212919980288,11
core_P2,14925.991902202368,11
core_P3,14121.012626588345,11
core_P4,15244.27760308981,11
core_P5,14306.84441959858,11
core_P6,14452.304164886475,11
core_P7,12245.59072843194,11
core_P8,12808.35936614871,11
core_P9,14353.712306559086,11
LPFR_P1,20381.666824519634,11
LPFR_P2,22466.906362622976,11
LPFR_P3,22922.48478510976,11
RPFR_P1,24034.699259519577,11
RPFR_P2,23962.080389618874,11
RPFR_P3,29229.573132276535,11
core_atfidf,183276.36812725663,11
core_ctfidf,20934.821166843176,11
core_dtfidf,150662.22620925307,11
core_etfidf,87204.4441600442,11
core_ftfidf,98430.94163841009,11
core_gtfidf,96674.86710771918,11
core_htfidf,33728.84310311079,11
core_itfidf,76759.34519189596,11
core_ktfidf,96618.00304839015,11
core_ltfidf,172529.90649461746,11
core_mtfidf,45058.93407446146,11
core_ntfidf,60181.4093427062,11
core_ptfidf,62852.97985187173,11
core_qtfidf,43342.34802556038,11
core_rtfidf,74057.7027952671,11
core_stfidf,54571.91422981024,11
core_ttfidf,74659.8490177095,11
core_vtfidf,69735.57483896613,11
core_wtfidf,37184.66888129711,11
core_ytfidf,48198.481960475445,11
core_a_count,3412.009467303753,11
core_c_count,408.2969970703125,11
core_d_count,2688.7454352378845,11
core_e_count,5769.4465708732605,11
core_f_count,1306.9293425381184,11
core_g_count,2998.686637252569,11
core_h_count,41.448299407958984,11
core_i_count,1559.1507458686829,11
core_k_count,2714.3763640522957,11
core_l_count,2365.5228739976883,11
core_m_count,59.85563641786575,11
core_n_count,604.8859189152718,11
core_p_count,2415.391068279743,11
core_q_count,734.1356489658356,11
core_r_count,531.0826616287231,11
core_s_count,419.84599804878235,11
core_t_count,283.48647117614746,11
core_v_count,809.2440707683563,11
core_w_count,17.071600317955017,11
core_y_count,70.96913069486618,11
cluster,47751.886220276356,11
hla_mean,848788.443110466,11
hla_std,307805.98811614513,11
allele_type_mean,81432.31164073944,11
allele_type_std,55006.33039140701,11
core_P1_mean,31475.18422099948,11
core_P1_std,15381.391023159027,11
core_P2_mean,34123.654910594225,11
core_P2_std,12498.767191201448,11
core_P3_mean,35552.13901638985,11
core_P3_std,10230.843583464622,11
core_P4_mean,33132.176178991795,11
core_P4_std,11915.283149421215,11
core_P5_mean,26945.344805926085,11
core_P5_std,12600.619017601013,11
core_P6_mean,20799.129285097122,11
core_P6_std,14168.443178117275,11
core_P7_mean,19554.554273605347,11
core_P7_std,15165.099223136902,11
core_P8_mean,19782.38838210702,11
core_P8_std,14440.721933305264,11
core_P9_mean,20566.368665635586,11
core_P9_std,13767.679921716452,11
LPFR_P1_mean,49030.83352911472,11
LPFR_P1_std,22361.33347812295,11
LPFR_P2_mean,58858.98861196637,11
LPFR_P2_std,17972.54557287693,11
LPFR_P3_mean,70005.90179377794,11
LPFR_P3_std,21858.940418481827,11
RPFR_P1_mean,58377.86583280563,11
RPFR_P1_std,18356.939658880234,11
RPFR_P2_mean,56778.2933576107,11
RPFR_P2_std,23138.308966249228,11
RPFR_P3_mean,70027.80261659622,11
RPFR_P3_std,25354.062733888626,11
cluster_mean,825667.3476402164,11
cluster_std,72225.76227849722,11
peptide_nunique,85855.11060896516,11
unique_rate,133302.77142634988,11
p1,18476.238774955273,11
p2,18420.192410737276,11
p3,25547.68371066451,11
p4,22913.878458559513,11
p5,22253.715180397034,11
p6,20320.730954408646,11
p7,21523.8700235188,11
p8,18808.151466339827,11
p9,17957.563368856907,11
blosum_sum,68037.73945379257,11
hla,412553.3209924698,11
allele_type,16.49062967300415,11
length,194755.0666745305,11
n_label,23953.294773995876,11
len_LPFR,84.3280029296875,11
len_RPFR,9218.935968399048,11
len_peptide_transform,4732.824921548367,11
core_P1,16150.053999722004,11
core_P2,14328.117481946945,11
core_P3,13931.838541209698,11
core_P4,14136.961462259293,11
core_P5,12110.809652686119,11
core_P6,13299.950393021107,11
core_P7,13137.118255972862,11
core_P8,12612.321415305138,11
core_P9,13877.377934098244,11
LPFR_P1,19335.048932492733,11
LPFR_P2,22054.239241480827,11
LPFR_P3,20517.705326735973,11
RPFR_P1,22086.998500347137,11
RPFR_P2,22386.84701347351,11
RPFR_P3,27488.179754972458,11
core_atfidf,196292.06045359373,11
core_ctfidf,23299.204225838184,11
core_dtfidf,154203.64408552647,11
core_etfidf,79368.61124134064,11
core_ftfidf,90424.17391431332,11
core_gtfidf,93486.83595752716,11
core_htfidf,31211.1098741889,11
core_itfidf,76829.22855293751,11
core_ktfidf,91473.83135309815,11
core_ltfidf,174897.79266566038,11
core_mtfidf,42554.550235033035,11
core_ntfidf,55156.540851950645,11
core_ptfidf,57712.404110729694,11
core_qtfidf,42550.48203533888,11
core_rtfidf,70523.39626300335,11
core_stfidf,57613.13334596157,11
core_ttfidf,73251.80345720053,11
core_vtfidf,58788.5018311739,11
core_wtfidf,40215.8032245636,11
core_ytfidf,46047.69563239813,11
core_a_count,5248.1153356432915,11
core_c_count,46.257960081100464,11
core_d_count,680.5403707027435,11
core_e_count,8848.606439113617,11
core_f_count,1839.6924781799316,11
core_g_count,3317.3239774107933,11
core_h_count,152.28636598587036,11
core_i_count,1308.5187973976135,11
core_k_count,2917.3745737075806,11
core_l_count,1397.1742164492607,11
core_m_count,455.6324279308319,11
core_n_count,464.90579891204834,11
core_p_count,8230.75811523199,11
core_q_count,367.62742108106613,11
core_r_count,446.2391167283058,11
core_s_count,440.97004866600037,11
core_t_count,304.52161556482315,11
core_v_count,428.4319500923157,11
core_w_count,17.743200302124023,11
core_y_count,167.6160573363304,11
cluster,41817.70955514908,11
hla_mean,827133.917479217,11
hla_std,294437.27578908205,11
allele_type_mean,59189.466185092926,11
allele_type_std,67670.54208660126,11
core_P1_mean,29509.10358595848,11
core_P1_std,12290.276226878166,11
core_P2_mean,29886.90963637829,11
core_P2_std,11978.469471514225,11
core_P3_mean,33141.41765910387,11
core_P3_std,12119.052538275719,11
core_P4_mean,30808.849277496338,11
core_P4_std,11274.830278873444,11
core_P5_mean,23853.196485698223,11
core_P5_std,11516.643347620964,11
core_P6_mean,19436.83187711239,11
core_P6_std,14348.395777344704,11
core_P7_mean,16413.02685433626,11
core_P7_std,14138.489481270313,11
core_P8_mean,17059.40053421259,11
core_P8_std,14900.45288169384,11
core_P9_mean,18691.575549185276,11
core_P9_std,14080.689076662064,11
LPFR_P1_mean,47334.60937100649,11
LPFR_P1_std,18840.557726740837,11
LPFR_P2_mean,57587.04857093096,11
LPFR_P2_std,16025.45784431696,11
LPFR_P3_mean,63105.68288087845,11
LPFR_P3_std,17506.80334997177,11
RPFR_P1_mean,48391.69657897949,11
RPFR_P1_std,17950.90198993683,11
RPFR_P2_mean,59339.419871509075,11
RPFR_P2_std,20654.59310746193,11
RPFR_P3_mean,67448.46537709236,11
RPFR_P3_std,24073.08674657345,11
cluster_mean,672174.9501725435,11
cluster_std,77877.49585831165,11
peptide_nunique,86296.94308048487,11
unique_rate,128718.15795576572,11
p1,19198.414553672075,11
p2,17118.33071476221,11
p3,24571.55375522375,11
p4,23143.7815117836,11
p5,22606.95951741934,11
p6,21914.979892134666,11
p7,18624.87451815605,11
p8,15776.864768326283,11
p9,18024.730360627174,11
blosum_sum,71927.58256721497,11
